{
  "rugby": 0.7352941176470589,
  "journey": 0.723404255319149,
  "machine": 0.6829268292682927,
  "silver": 0.6486486486486487,
  "empire": 0.627906976744186,
  "action": 0.6097560975609756,
  "simon": 0.6071428571428571,
  "mirror": 0.6046511627906976,
  "target": 0.5952380952380952,
  "plastic": 0.5945945945945946,
  "forest": 0.5925925925925926,
  "radio": 0.5897435897435898,
  "island": 0.5892857142857143,
  "process": 0.5789473684210527,
  "focus": 0.5689655172413793,
  "impact": 0.5675675675675675,
  "purpose": 0.5641025641025641,
  "profit": 0.5625,
  "castle": 0.5609756097560976,
  "agent": 0.5454545454545454,
  "graham": 0.5454545454545454,
  "silence": 0.5454545454545454,
  "picture": 0.5348837209302325,
  "metal": 0.525,
  "paper": 0.5208333333333334,
  "system": 0.5208333333333334,
  "bottle": 0.5172413793103449,
  "acid": 0.5151515151515151,
  "challenge": 0.5151515151515151,
  "iron": 0.5135135135135135,
  "hotel": 0.5128205128205128,
  "captain": 0.5116279069767442,
  "engine": 0.5,
  "estate": 0.5,
  "future": 0.5,
  "oxford": 0.5,
  "station": 0.5,
  "design": 0.4878048780487805,
  "entry": 0.4857142857142857,
  "object": 0.48484848484848486,
  "project": 0.48484848484848486,
  "package": 0.48148148148148145,
  "basis": 0.4772727272727273,
  "bishop": 0.475,
  "channel": 0.47368421052631576,
  "aspect": 0.4722222222222222,
  "justice": 0.4634146341463415,
  "instance": 0.4594594594594595,
  "sequence": 0.4583333333333333,
  "autumn": 0.45,
  "network": 0.45,
  "mountain": 0.4473684210526316,
  "pattern": 0.4473684210526316,
  "minute": 0.4444444444444444,
  "sugar": 0.4444444444444444,
  "tony": 0.4444444444444444,
  "water": 0.4444444444444444,
  "winter": 0.4444444444444444,
  "motion": 0.4418604651162791,
  "uncle": 0.4375,
  "surprise": 0.43243243243243246,
  "balance": 0.42424242424242425,
  "unit": 0.42424242424242425,
  "master": 0.4186046511627907,
  "option": 0.4166666666666667,
  "surface": 0.4166666666666667,
  "spirit": 0.4146341463414634,
  "summer": 0.4146341463414634,
  "context": 0.4117647058823529,
  "event": 0.4117647058823529,
  "treaty": 0.40540540540540543,
  "football": 0.40476190476190477,
  "access": 0.4,
  "cover": 0.4,
  "morning": 0.3953488372093023,
  "item": 0.3902439024390244,
  "theory": 0.3888888888888889,
  "kingdom": 0.38461538461538464,
  "partner": 0.3829787234042553,
  "panel": 0.38235294117647056,
  "breakfast": 0.38095238095238093,
  "railway": 0.38095238095238093,
  "session": 0.3783783783783784,
  "traffic": 0.375,
  "table": 0.37142857142857144,
  "sector": 0.37037037037037035,
  "brother": 0.3695652173913043,
  "window": 0.3695652173913043,
  "budget": 0.3684210526315789,
  "garden": 0.3673469387755102,
  "river": 0.36363636363636365,
  "model": 0.358974358974359,
  "program": 0.35714285714285715,
  "software": 0.35135135135135137,
  "corner": 0.3448275862068966,
  "sample": 0.3448275862068966,
  "contract": 0.34375,
  "motor": 0.34146341463414637,
  "control": 0.3404255319148936,
  "image": 0.3404255319148936,
  "colour": 0.3333333333333333,
  "method": 0.3333333333333333,
  "office": 0.32558139534883723,
  "study": 0.32558139534883723,
  "market": 0.32432432432432434,
  "research": 0.32142857142857145,
  "nature": 0.3181818181818182,
  "campaign": 0.3170731707317073,
  "level": 0.3125,
  "power": 0.3125,
  "driver": 0.3103448275862069,
  "structure": 0.3055555555555556,
  "outcome": 0.30434782608695654,
  "chapter": 0.3,
  "party": 0.3,
  "dinner": 0.29545454545454547,
  "martin": 0.29411764705882354,
  "practice": 0.2857142857142857,
  "shoulder": 0.2857142857142857,
  "concept": 0.28125,
  "duty": 0.27586206896551724,
  "travel": 0.2727272727272727,
  "council": 0.2702702702702703,
  "northern": 0.26666666666666666,
  "music": 0.2608695652173913,
  "army": 0.2571428571428571,
  "order": 0.25,
  "vision": 0.25,
  "belief": 0.24390243902439024,
  "report": 0.24390243902439024,
  "valley": 0.24324324324324326,
  "border": 0.24242424242424243,
  "weather": 0.24242424242424243,
  "author": 0.2413793103448276,
  "union": 0.23809523809523808,
  "advance": 0.23684210526315788,
  "release": 0.23404255319148937,
  "contrast": 0.23076923076923078,
  "product": 0.23076923076923078,
  "factor": 0.22857142857142856,
  "index": 0.22857142857142856,
  "record": 0.22857142857142856,
  "volume": 0.22727272727272727,
  "feature": 0.22580645161290322,
  "palace": 0.22580645161290322,
  "idea": 0.225,
  "moment": 0.225,
  "area": 0.2222222222222222,
  "lewis": 0.2222222222222222,
  "middle": 0.2222222222222222,
  "henry": 0.21621621621621623,
  "command": 0.21428571428571427,
  "kitchen": 0.21428571428571427,
  "thatcher": 0.2127659574468085,
  "approach": 0.21212121212121213,
  "passage": 0.21052631578947367,
  "visit": 0.20588235294117646,
  "subject": 0.20512820512820512,
  "jones": 0.2,
  "knowledge": 0.2,
  "regime": 0.2,
  "season": 0.2,
  "creation": 0.1951219512195122,
  "mother": 0.1951219512195122,
  "body": 0.1935483870967742,
  "letter": 0.19047619047619047,
  "output": 0.1891891891891892,
  "series": 0.18421052631578946,
  "figure": 0.1836734693877551,
  "city": 0.18181818181818182,
  "function": 0.18,
  "decade": 0.17777777777777778,
  "artist": 0.17647058823529413,
  "notion": 0.17647058823529413,
  "programme": 0.17647058823529413,
  "writer": 0.17647058823529413,
  "message": 0.175,
  "audience": 0.17391304347826086,
  "defence": 0.17391304347826086,
  "region": 0.17391304347826086,
  "section": 0.17391304347826086,
  "aircraft": 0.17073170731707318,
  "problem": 0.17073170731707318,
  "attempt": 0.16666666666666666,
  "version": 0.16666666666666666,
  "village": 0.16666666666666666,
  "limit": 0.16216216216216217,
  "doctor": 0.16129032258064516,
  "exchange": 0.16129032258064516,
  "survey": 0.15789473684210525,
  "response": 0.15384615384615385,
  "student": 0.15384615384615385,
  "pension": 0.15,
  "reaction": 0.15,
  "country": 0.14814814814814814,
  "transport": 0.14814814814814814,
  "reason": 0.14705882352941177,
  "video": 0.14634146341463414,
  "relief": 0.14583333333333334,
  "public": 0.14285714285714285,
  "status": 0.14285714285714285,
  "taylor": 0.14285714285714285,
  "museum": 0.1388888888888889,
  "quarter": 0.1388888888888889,
  "technique": 0.1388888888888889,
  "total": 0.1346153846153846,
  "address": 0.13333333333333333,
  "transfer": 0.13333333333333333,
  "effect": 0.13157894736842105,
  "offer": 0.12903225806451613,
  "presence": 0.12903225806451613,
  "species": 0.12903225806451613,
  "respect": 0.1282051282051282,
  "result": 0.1282051282051282,
  "district": 0.125,
  "standard": 0.125,
  "return": 0.12195121951219512,
  "extent": 0.11764705882352941,
  "culture": 0.11627906976744186,
  "debate": 0.11538461538461539,
  "parish": 0.11538461538461539,
  "detail": 0.11428571428571428,
  "finance": 0.11428571428571428,
  "nation": 0.11428571428571428,
  "speaker": 0.11428571428571428,
  "drama": 0.11363636363636363,
  "effort": 0.11363636363636363,
  "supply": 0.1111111111111111,
  "copy": 0.10810810810810811,
  "major": 0.10810810810810811,
  "measure": 0.10810810810810811,
  "treatment": 0.10810810810810811,
  "advice": 0.10416666666666667,
  "county": 0.10416666666666667,
  "contact": 0.10256410256410256,
  "patient": 0.1,
  "peter": 0.1,
  "sentence": 0.1,
  "baby": 0.09803921568627451,
  "labour": 0.0975609756097561,
  "reform": 0.09375,
  "worker": 0.09090909090909091,
  "fashion": 0.08888888888888889,
  "bedroom": 0.08823529411764706,
  "chairman": 0.08823529411764706,
  "alan": 0.08571428571428572,
  "answer": 0.08333333333333333,
  "japan": 0.08333333333333333,
  "person": 0.08333333333333333,
  "support": 0.08333333333333333,
  "appeal": 0.08108108108108109,
  "title": 0.07894736842105263,
  "couple": 0.07692307692307693,
  "college": 0.07317073170731707,
  "husband": 0.07142857142857142,
  "manner": 0.07142857142857142,
  "request": 0.07142857142857142,
  "display": 0.06818181818181818,
  "marriage": 0.06818181818181818,