{
  "vision": 0.825,
  "concept": 0.7674418604651163,
  "creation": 0.7575757575757576,
  "focus": 0.7272727272727273,
  "pattern": 0.725,
  "model": 0.7021276595744681,
  "spirit": 0.6944444444444444,
  "message": 0.6875,
  "design": 0.6744186046511628,
  "notion": 0.6595744680851063,
  "agent": 0.6521739130434783,
  "effect": 0.6428571428571429,
  "engine": 0.6410256410256411,
  "music": 0.631578947368421,
  "idea": 0.6216216216216216,
  "research": 0.6097560975609756,
  "event": 0.5945945945945946,
  "forest": 0.5945945945945946,
  "system": 0.5909090909090909,
  "simon": 0.5897435897435898,
  "target": 0.5897435897435898,
  "aspect": 0.5806451612903226,
  "session": 0.5789473684210527,
  "software": 0.5757575757575758,
  "motion": 0.5714285714285714,
  "network": 0.5714285714285714,
  "action": 0.5609756097560976,
  "sequence": 0.5555555555555556,
  "object": 0.5531914893617021,
  "window": 0.5428571428571428,
  "impact": 0.5405405405405406,
  "bishop": 0.5365853658536586,
  "entry": 0.5365853658536586,
  "campaign": 0.5277777777777778,
  "index": 0.5263157894736842,
  "balance": 0.525,
  "record": 0.525,
  "title": 0.5217391304347826,
  "image": 0.5,
  "measure": 0.5,
  "response": 0.5,
  "purpose": 0.48936170212765956,
  "moment": 0.48717948717948717,
  "version": 0.48717948717948717,
  "context": 0.4864864864864865,
  "radio": 0.4857142857142857,
  "result": 0.4857142857142857,
  "sector": 0.48148148148148145,
  "method": 0.4772727272727273,
  "unit": 0.4772727272727273,
  "project": 0.4722222222222222,
  "river": 0.46938775510204084,
  "contrast": 0.46875,
  "request": 0.4666666666666667,
  "study": 0.4594594594594595,
  "theory": 0.4594594594594595,
  "weather": 0.45714285714285713,
  "basis": 0.45454545454545453,
  "factor": 0.45454545454545453,
  "feature": 0.45161290322580644,
  "artist": 0.45,
  "order": 0.44680851063829785,
  "surprise": 0.4444444444444444,
  "taylor": 0.4444444444444444,
  "video": 0.4444444444444444,
  "reaction": 0.4358974358974359,
  "journey": 0.425531914893617,
  "support": 0.425,
  "output": 0.42424242424242425,
  "status": 0.42424242424242425,
  "instance": 0.42105263157894735,
  "travel": 0.4166666666666667,
  "duty": 0.41379310344827586,
  "island": 0.4117647058823529,
  "railway": 0.4117647058823529,
  "service": 0.4117647058823529,
  "sample": 0.40540540540540543,
  "product": 0.4,
  "sugar": 0.4,
  "tony": 0.4,
  "control": 0.39473684210526316,
  "treaty": 0.391304347826087,
  "process": 0.3902439024390244,
  "machine": 0.3870967741935484,
  "station": 0.38461538461538464,
  "language": 0.3829787234042553,
  "command": 0.38,
  "item": 0.37777777777777777,
  "sentence": 0.375,
  "cover": 0.37142857142857144,
  "technique": 0.37037037037037035,
  "function": 0.3695652173913043,
  "approach": 0.36363636363636365,
  "writer": 0.35555555555555557,
  "exchange": 0.3548387096774194,
  "nature": 0.35294117647058826,
  "survey": 0.35294117647058826,
  "presence": 0.34782608695652173,
  "castle": 0.34615384615384615,
  "justice": 0.34375,
  "aircraft": 0.34285714285714286,
  "summer": 0.34285714285714286,
  "challenge": 0.34146341463414637,
  "channel": 0.3333333333333333,
  "culture": 0.3333333333333333,
  "garden": 0.3333333333333333,
  "knowledge": 0.3333333333333333,
  "series": 0.32432432432432434,
  "mirror": 0.3235294117647059,
  "power": 0.3235294117647059,
  "autumn": 0.3181818181818182,
  "party": 0.3157894736842105,
  "graham": 0.3055555555555556,
  "program": 0.3055555555555556,
  "package": 0.30303030303030304,
  "future": 0.3,
  "traffic": 0.3,
  "market": 0.2978723404255319,
  "mountain": 0.2978723404255319,
  "subject": 0.2972972972972973,
  "transport": 0.2926829268292683,
  "outcome": 0.2894736842105263,
  "report": 0.2894736842105263,
  "answer": 0.28205128205128205,
  "table": 0.27906976744186046,
  "transfer": 0.27586206896551724,
  "hotel": 0.275,
  "option": 0.275,
  "present": 0.275,
  "motor": 0.2619047619047619,
  "silver": 0.2608695652173913,
  "partner": 0.2571428571428571,
  "valley": 0.2564102564102564,
  "visit": 0.2564102564102564,
  "driver": 0.2558139534883721,
  "water": 0.2549019607843137,
  "region": 0.24324324324324326,
  "attempt": 0.2391304347826087,
  "reform": 0.2391304347826087,
  "empire": 0.23809523809523808,
  "panel": 0.23529411764705882,
  "season": 0.23529411764705882,
  "union": 0.23076923076923078,
  "desire": 0.22916666666666666,
  "section": 0.22857142857142856,
  "drama": 0.225,
  "structure": 0.225,
  "credit": 0.2222222222222222,
  "volume": 0.2222222222222222,
  "picture": 0.21951219512195122,
  "profit": 0.21621621621621623,
  "relief": 0.21621621621621623,
  "author": 0.21212121212121213,
  "iron": 0.20930232558139536,
  "village": 0.20754716981132076,
  "palace": 0.20588235294117646,
  "audience": 0.20454545454545456,
  "user": 0.20408163265306123,
  "captain": 0.2,
  "display": 0.2,
  "jones": 0.2,
  "speaker": 0.2,
  "review": 0.1956521739130435,
  "level": 0.19047619047619047,
  "bottle": 0.1875,
  "figure": 0.1875,
  "release": 0.1875,
  "football": 0.18518518518518517,
  "master": 0.1836734693877551,
  "letter": 0.18181818181818182,
  "pressure": 0.18181818181818182,
  "supply": 0.18181818181818182,
  "account": 0.1794871794871795,
  "problem": 0.17777777777777778,
  "budget": 0.17647058823529413,
  "kitchen": 0.17647058823529413,
  "copy": 0.175,
  "reason": 0.175,
  "finance": 0.17391304347826086,
  "leader": 0.16666666666666666,
  "minute": 0.16666666666666666,
  "fashion": 0.16326530612244897,
  "acid": 0.16129032258064516,
  "reader": 0.16129032258064516,
  "demand": 0.16,
  "quarter": 0.1590909090909091,
  "plastic": 0.15789473684210525,
  "surface": 0.15789473684210525,
  "contact": 0.15,
  "metal": 0.15,
  "winter": 0.14893617021276595,
  "distance": 0.14583333333333334,
  "detail": 0.14545454545454545,
  "area": 0.14285714285714285,
  "influence": 0.14285714285714285,
  "licence": 0.14285714285714285,
  "offer": 0.14285714285714285,
  "person": 0.13953488372093023,
  "respect": 0.13725490196078433,
  "notice": 0.13157894736842105,
  "mary": 0.12903225806451613,
  "patient": 0.12903225806451613,
  "city": 0.1282051282051282,
  "worker": 0.1276595744680851,
  "advance": 0.125,
  "lewis": 0.125,
  "question": 0.125,
  "access": 0.12195121951219512,
  "major": 0.11904761904761904,
  "belief": 0.11627906976744186,
  "practice": 0.11627906976744186,
  "debate": 0.10869565217391304,
  "expert": 0.10526315789473684,
  "student": 0.10416666666666667,
  "period": 0.10256410256410256,
  "colour": 0.1,
  "corner": 0.1,
  "kingdom": 0.1,
  "museum": 0.1,
  "programme": 0.0967741935483871,
  "career": 0.09615384615384616,
  "effort": 0.08571428571428572,
  "increase": 0.08108108108108109,
  "absence": 0.07894736842105263,
  "country": 0.07894736842105263,
  "rugby": 0.07894736842105263,
  "paper": 0.07692307692307693,
  "regime": 0.075,
  "college": 0.07317073170731707,
  "content": 0.07317073170731707,
  "income": 0.06976744186046512,
  "breakfast": 0.06896551724137931,
  "chapter": 0.06896551724137931,
  "money": 0.06451612903225806,
  "county": 0.0625,
  "middle": 0.0625,
  "species": 0.0625,
  "marriage": 0.058823529411764705,
  "owner": 0.058823529411764705,
  "peter": 0.058823529411764705,
  "japan": 0.05714285714285714,
  "parent": 0.05714285714285714,
  "appeal": 0.05555555555555555,
  "body": 0.05555555555555555,
  "extent": 0.05555555555555555,
  "dinner": 0.05405405405405406,
  "member": 0.05405405405405406,
  "standard": 0.05263157894736842,
  "silence": 0.05,
  "teacher": 0.05,
  "committee": 0.04878048780487805,
  "council": 0.047619047619047616,
  "contract": 0.046511627906976744,
  "henry": 0.044444444444444446,
  "shoulder": 0.04081632653061224,
  "return": 0.0392156862745098,
  "payment": 0.037037037037037035,
  "total": 0.03571428571428571,
  "manner": 0.034482758620689655,
  "alan": 0.03225806451612903,
  "border": 0.03225806451612903,
  "sister": 0.03225806451612903,
  "treatment": 0.03125,
  "concern": 0.030303030303030304,